,prompt_score,response_score
0,0.19781695306301117,0.0001739576255204156
1,0.2908814549446106,0.0076563297770917416
2,0.09042234718799591,0.00018155616999138147
3,0.38233476877212524,0.023720677942037582
4,0.21119575202465057,0.00027954840334132314
5,0.2622075378894806,0.0001693782687652856
6,0.1236802488565445,0.0005550261121243238
7,0.23776191473007202,0.13236366212368011
8,0.18903890252113342,0.9695107340812683
9,0.2681460976600647,0.00014445751730818301
10,0.047658782452344894,0.00021413728245534003
11,0.2975676357746124,0.00044426406384445727
12,0.16216187179088593,0.02309785783290863
13,0.3086296021938324,0.00037935288855805993
14,0.8340769410133362,0.010142413899302483
15,0.5853666663169861,0.10297257453203201
16,0.08126804232597351,0.0006255841581150889
17,0.05932930111885071,0.00036771726445294917
18,0.2243480533361435,0.015086231753230095
19,0.2866012454032898,0.018470171838998795
20,0.21008910238742828,0.002151175169274211
21,0.2983091473579407,0.0004897493054158986
22,0.24439555406570435,0.00017638500139582902
23,0.44920095801353455,0.06008925661444664
24,0.3025999069213867,0.009954137727618217
25,0.342014342546463,0.0004348231595940888
26,0.5083462595939636,0.000978413736447692
27,0.0685017853975296,0.1860143393278122
28,0.5103345513343811,0.00014667246432509273
29,0.3736923336982727,0.00014712996198795736
30,0.40032270550727844,0.1059848889708519
31,0.18640628457069397,0.0017143678851425648
32,0.22393646836280823,0.0014116315869614482
33,0.17248854041099548,0.0018233531154692173
34,0.782841682434082,0.00019963449449278414
35,0.46480366587638855,0.00018372325575910509
36,0.9520254135131836,0.0010071346769109368
37,0.21400876343250275,0.00046135575394146144
38,0.2566912770271301,0.00018499292491469532
39,0.09505928307771683,0.0005373744643293321
40,0.4677782654762268,0.0008671582909300923
41,0.35443398356437683,0.014721818268299103
42,0.49985796213150024,0.00039636067231185734
43,0.30332332849502563,0.0035807343665510416
44,0.19706188142299652,0.0017356298631057143
45,0.07195010781288147,0.00013757326814811677
46,0.13904167711734772,0.0002694244321901351
47,0.3941934108734131,0.002565832808613777
48,0.19748932123184204,0.0011044270358979702
49,0.220540851354599,0.017323747277259827
50,0.10778889805078506,0.0005827088607475162
51,0.3714739978313446,0.0007488406845368445
52,0.3972461521625519,0.289996474981308
53,0.31779760122299194,0.1006486713886261
54,0.26589685678482056,0.019333580508828163
55,0.46243688464164734,0.0005532228969968855
56,0.4298642873764038,0.0002817757776938379
57,0.45196062326431274,0.0010923643130809069
58,0.10869985818862915,0.00029786271625198424
59,0.7029058933258057,0.026639660820364952
60,0.16026008129119873,0.0007581665995530784
61,0.01474146731197834,0.00014458152872975916
62,0.25180938839912415,0.05395491048693657
63,0.24890856444835663,0.000571322743780911
64,0.1145407035946846,0.001059705507941544
65,0.29747113585472107,0.0007272344664670527
66,0.32258492708206177,0.008564275689423084
67,0.6080657243728638,0.0005858156364411116
68,0.3296229839324951,0.545075535774231
69,0.26160919666290283,0.000998946139588952
70,0.6177406311035156,0.00021044453023932874
71,0.5219517350196838,0.00017807591939345002
72,0.3344248831272125,0.0020321120973676443
73,0.4746153950691223,0.002463773125782609
74,0.6967565417289734,0.00030919964774511755
75,0.14264103770256042,0.0005296436720527709
76,0.19730763137340546,0.0001445163507014513
77,0.07578723877668381,0.0006925960769876838
78,0.4909656345844269,0.003411009209230542
79,0.42254185676574707,0.00031293128267861903
80,0.23785965144634247,0.14253181219100952
81,0.19110286235809326,0.020366506651043892
82,0.203933984041214,0.00020419535576365888
83,0.3445740044116974,0.00019042892381548882
84,0.06802953034639359,0.0007847481756471097
85,0.8044900894165039,0.00014601857401430607
86,0.07576055079698563,0.0001382834743708372
87,0.06924551725387573,0.04142080247402191
88,0.22193795442581177,0.0005049065803177655
89,0.38721537590026855,0.0002455047215335071
90,0.5869848132133484,0.00028791933436878026
91,0.2869218587875366,0.03859321400523186
92,0.18234167993068695,0.0026637318078428507
93,0.6148970127105713,0.0005805388209410012
94,0.3027575612068176,0.026446625590324402
95,0.9441947937011719,0.002887553768232465
96,0.07080475986003876,0.0029612905345857143
97,0.11419214308261871,0.00032127596205100417
98,0.312653124332428,0.004126638639718294
99,0.23469892144203186,0.019132515415549278
100,0.5670081377029419,0.00014096827362664044
101,0.12438210844993591,0.000373442773707211
102,0.9150562286376953,0.09082414954900742
103,0.0630946010351181,0.001037753652781248
104,0.2258935123682022,0.08842866867780685
105,0.3253347873687744,0.03712111711502075
106,0.2958533465862274,0.025308091193437576
107,0.3531765043735504,0.0031487587839365005
108,0.0983491912484169,0.0011424081167206168
109,0.15416142344474792,0.007640176918357611
110,0.28159400820732117,0.11273639649152756
111,0.6238610148429871,0.00028264455613680184
112,0.1987360566854477,0.011629999615252018
113,0.899527907371521,0.007009855937212706
114,0.8122102618217468,0.05814892798662186
115,0.4079110026359558,0.00015460360737051815
116,0.4062834084033966,0.00021689840650651604
117,0.4756185710430145,0.0001394235878251493
118,0.8780588507652283,0.00030598416924476624
119,0.5037903785705566,0.0002669465320650488
120,0.9972037076950073,0.00024320476222783327
121,0.4223161041736603,0.0011159887071698904
122,0.6337866187095642,0.0002594423131085932
123,0.08984605222940445,0.6493392586708069
124,0.704732358455658,0.2579186260700226
125,0.41656655073165894,0.0001487581612309441
126,0.41225454211235046,0.002297739963978529
127,0.8677559494972229,0.008207099512219429
128,0.9166653156280518,0.9251731634140015
129,0.15173357725143433,0.0004234033403918147
130,0.7232974171638489,0.19389431178569794
131,0.9822497367858887,0.0013990550069138408
132,0.8803585171699524,0.0003900648734997958
133,0.4017065763473511,0.00014218459546100348
134,0.9201492667198181,0.00024508865317329764
135,0.6418859958648682,0.007458150386810303
136,0.5424525737762451,0.0002789490681607276
137,0.9455771446228027,0.00013833002594765276
138,0.15117484331130981,0.0009406908648088574
139,0.8107492327690125,0.000883577682543546
140,0.8492898941040039,0.03506328538060188
141,0.7915323972702026,0.00017798000772017986
142,0.30003345012664795,0.0001764035114319995
143,0.2647024393081665,0.0004370372334960848
144,0.39004456996917725,0.00231035053730011
145,0.43424364924430847,0.00022353394888341427
146,0.3939131498336792,0.0001852825953392312
147,0.915740430355072,0.00043910977547056973
148,0.9239559173583984,0.0015088638756424189
149,0.9125670194625854,0.6710664629936218
150,0.8994108438491821,0.007843246683478355
151,0.4903031885623932,0.012648121453821659
152,0.8191164135932922,0.05034361779689789
153,0.11012333631515503,0.007552832365036011
154,0.3811776041984558,0.0001989297306863591
155,0.970503568649292,0.00034406009945087135
156,0.9014011025428772,0.0018340710084885359
157,0.8785542249679565,0.2974810302257538
158,0.3883185088634491,0.0016872220439836383
159,0.9035066366195679,0.0013082808582112193
160,0.8596155047416687,0.00013766458141617477
161,0.3643854260444641,0.0003739871899597347
162,0.2062128484249115,0.04100659117102623
163,0.9841887950897217,0.0022214704658836126
164,0.8240979909896851,0.4962504208087921
165,0.6110721826553345,0.02104635164141655
166,0.5250657796859741,0.296260803937912
167,0.6287606954574585,0.011270609684288502
168,0.8558704257011414,0.00016925153613556176
169,0.23674720525741577,0.0004954428295604885
170,0.605347752571106,0.0037832711823284626
171,0.1535523235797882,0.00014229922089725733
172,0.8004016876220703,0.0003284232516307384
173,0.9075212478637695,0.00043742486741393805
174,0.9635365605354309,0.00034879735903814435
175,0.7277501225471497,0.9994725584983826
176,0.08742069453001022,0.0005028320010751486
177,0.2495323270559311,0.23784804344177246
178,0.6240406036376953,0.00471244752407074
179,0.917948305606842,0.00039191130781546235
180,0.9375010132789612,0.9200097918510437
181,0.9728225469589233,0.0001439523184671998
182,0.9551713466644287,0.02407117560505867
183,0.4183056056499481,0.000298033730359748
184,0.4465533494949341,0.006001654546707869
185,0.830865740776062,0.0010609535966068506
186,0.03108968585729599,0.000778179382905364
187,0.9581893086433411,0.0003007765917573124
188,0.21080589294433594,0.0005350894061848521
189,0.23483280837535858,0.002707365434616804
190,0.6473274827003479,0.00023630200303159654
191,0.9600814580917358,0.003583991900086403
192,0.28927019238471985,0.00018410234770271927
193,0.9451492428779602,0.020314859226346016
194,0.37979909777641296,0.00020321855845395476
195,0.9466232657432556,0.0001583351695444435
196,0.02639242634177208,0.006667474750429392
197,0.8611046075820923,0.00013491477875504643
198,0.2020464986562729,0.0005705766379833221
199,0.6160910129547119,0.5414753556251526
200,0.49980658292770386,0.0009430277859792113
201,0.6314725875854492,0.00013621740799862891
202,0.9372377991676331,0.00020827093976549804
203,0.9171159267425537,0.00021541616297326982
204,0.6540414690971375,0.0009998924797400832
205,0.07639458775520325,0.0013878621393814683
206,0.3416871726512909,0.002782193012535572
207,0.8377305269241333,0.00037874910049140453
208,0.9501652717590332,0.011715522967278957
209,0.7928706407546997,0.000181561365025118
210,0.16965121030807495,0.00014673372788820416
211,0.9017387628555298,0.9654027223587036
212,0.8766332864761353,0.0007070568390190601
213,0.7958876490592957,0.004736088216304779
214,0.9870024919509888,0.002551442477852106
215,0.1580551564693451,0.047018010169267654
216,0.2835882604122162,0.00014163643936626613
217,0.2310413420200348,0.0008326821844093502
218,0.5804288387298584,0.0007556870696134865
219,0.44124114513397217,0.010386980138719082
220,0.9809507131576538,0.012180417776107788
221,0.16680915653705597,0.11241261661052704
222,0.5886670351028442,0.10002616047859192
223,0.727834165096283,0.00013786465569864959
224,0.8484259247779846,0.0003348520549479872
225,0.992191731929779,0.00014135471428744495
226,0.46907973289489746,0.0009222996304742992
227,0.9504567980766296,0.00043403010931797326
228,0.4500176012516022,0.30374789237976074
229,0.168307825922966,0.018273452296853065
230,0.4710266888141632,0.000724055920727551
231,0.37634891271591187,0.0006096278666518629
232,0.2882606089115143,0.0018346316646784544
233,0.7660629153251648,0.005467692390084267
234,0.5751296281814575,0.0003556176961865276
235,0.3150574862957001,0.018373936414718628
236,0.27760958671569824,0.0005579890566878021
237,0.8636252284049988,0.004444120451807976
238,0.45947396755218506,0.00018449914932716638
239,0.945756733417511,0.004368240479379892
240,0.954412579536438,0.007196137681603432
241,0.7040280103683472,0.0007712699589319527
242,0.6684398055076599,0.3954758942127228
243,0.9746383428573608,0.00014245844795368612
244,0.5348736047744751,0.1117478609085083
245,0.36157867312431335,0.06532299518585205
246,0.6434603929519653,0.015860559418797493
247,0.990997314453125,0.000735586741939187
248,0.46044838428497314,0.0007893854635767639
249,0.6998673677444458,0.11939661204814911
250,0.5788906812667847,0.0003231103764846921
251,0.39248067140579224,0.02337229810655117
252,0.5334259867668152,0.0026307550724595785
253,0.20523668825626373,0.003907388541847467
254,0.8696510791778564,0.0007964721298776567
255,0.8504582643508911,0.0012309220619499683
256,0.7157923579216003,0.000670681765768677
257,0.6813983917236328,0.00031431057141162455
258,0.46451735496520996,0.0001358519948553294
259,0.05144202709197998,0.000597343547269702
260,0.3877575099468231,0.0009978075977414846
261,0.853523850440979,0.024281879886984825
262,0.1757868081331253,0.002415361115708947
263,0.9755101799964905,0.010537289083003998
264,0.6741435527801514,0.0001397731393808499
265,0.4238269329071045,0.00037719751708209515
266,0.5483707785606384,0.014657088555395603
267,0.9219382405281067,0.008216011337935925
268,0.8672904968261719,0.00014225133054424077
269,0.11187060177326202,0.00014697037113364786
270,0.3997282087802887,0.002800537506118417
271,0.23452512919902802,0.00015441150753758848
272,0.26455238461494446,0.00014040604582987726
273,0.5245824456214905,0.005784425884485245
274,0.33812201023101807,0.0025806252378970385
275,0.5751456618309021,0.00016533999587409198
276,0.7993584275245667,0.00014426371490117162
277,0.22929340600967407,0.003805842250585556
278,0.4133020341396332,0.003648599376901984
279,0.8885929584503174,0.06067512929439545
280,0.40809038281440735,0.00016955341561697423
281,0.8596776127815247,0.00016563142708037049
282,0.9063730835914612,0.0002507390745449811
283,0.16811130940914154,0.0024427231401205063
284,0.7438417077064514,0.0028104986995458603
285,0.8510037660598755,0.00014806672697886825
286,0.27808839082717896,0.04164279252290726
287,0.11202969402074814,0.02812390774488449
288,0.10615615546703339,0.464669793844223
289,0.4323113262653351,0.23918882012367249
290,0.9486300945281982,0.01715552620589733
291,0.7787158489227295,0.00019194067863281816
292,0.1482793688774109,0.00935858953744173
293,0.38870224356651306,0.019929509609937668
294,0.8675901889801025,0.003523185383528471
295,0.9873191118240356,0.0001656337990425527
296,0.9650877118110657,0.0005961934803053737
297,0.7868239879608154,0.0021960658486932516
298,0.19396544992923737,0.0022224728018045425
299,0.6836094260215759,0.006627568043768406
300,0.41796261072158813,0.01342668104916811
301,0.5741826295852661,0.00022099055058788508
302,0.5597845911979675,0.009899848140776157
303,0.3958486318588257,0.00019973197777289897
304,0.280765175819397,0.0004016426973976195
305,0.68668532371521,0.00014069594908505678
306,0.15920580923557281,0.0025525649543851614
307,0.27236902713775635,0.00015782720583956689
308,0.6199547052383423,0.00035312786349095404
309,0.28320175409317017,0.0042932596988976
310,0.405170202255249,0.0003430607612244785
311,0.6163519620895386,0.00021511402155738324
312,0.8417803645133972,0.0001442727807443589
313,0.37357890605926514,0.00015792941849213094
314,0.4626980125904083,0.00019634919590316713
315,0.9933920502662659,0.004545385949313641
316,0.2496694028377533,0.00046302640112116933
317,0.3387688100337982,0.00028970828861929476
318,0.7762450575828552,0.0031576843466609716
319,0.5387505292892456,0.03155025839805603
320,0.9872649908065796,0.003536247182637453
321,0.20585808157920837,0.03135087713599205
322,0.7064962983131409,0.03939999267458916
323,0.14619237184524536,0.00020691528334282339
324,0.6032863259315491,0.9803228378295898
325,0.3623582720756531,0.005983714945614338
326,0.9842425584793091,0.0021579402964562178
327,0.8698188066482544,0.015689628198742867
328,0.902830183506012,0.0001667918695602566
329,0.10288065671920776,0.0002844905247911811
330,0.5888803005218506,0.00016922941722441465
331,0.09037686139345169,0.00995726604014635
332,0.2030014991760254,0.046888962388038635
333,0.6486194133758545,0.00027578347362577915
334,0.8153600096702576,0.00016266596503555775
335,0.3865175247192383,0.0005170003278180957
336,0.8423575758934021,0.6551260352134705
337,0.7831177115440369,0.001309698331169784
338,0.6343375444412231,0.0004263604059815407
339,0.2676304280757904,0.014067917130887508
340,0.2368629276752472,0.0003761521656997502
341,0.4106244742870331,0.008047360926866531
342,0.7497133016586304,0.005083881318569183
343,0.8017244338989258,0.0004067888075951487
344,0.2522062361240387,0.0028824179898947477
345,0.9919617772102356,0.9986299276351929
346,0.5691669583320618,0.0008059776737354696
347,0.6707473993301392,0.0008904183632694185
348,0.5683346390724182,0.00039878132520243526
349,0.734718918800354,0.00034933481947518885
350,0.552649736404419,0.0002615830453578383
351,0.4329926073551178,0.002482413547113538
352,0.5059058666229248,0.00018811873451340944
353,0.8771579265594482,0.1620829999446869
354,0.06156850978732109,0.0011967448517680168
355,0.5278949737548828,0.0260123573243618
356,0.2899641692638397,0.029028549790382385
357,0.15512049198150635,0.00013279476843308657
358,0.8389419317245483,0.0010345494374632835
359,0.7255927324295044,0.015964258462190628
360,0.6420783996582031,0.00016930109995882958
361,0.28491172194480896,0.012242934666574001
362,0.5537711381912231,0.00013815826969221234
363,0.6276816725730896,0.00014522208948619664
364,0.6808072924613953,0.013312913477420807
365,0.2090550661087036,0.0002347552072023973
366,0.3454557955265045,0.014066886156797409
367,0.6800383925437927,0.00024847110034897923
368,0.7717192769050598,0.00038981615216471255
369,0.4676065444946289,0.0002833160979207605
370,0.5512923002243042,0.009425625205039978
371,0.41314128041267395,0.0005664087366312742
372,0.35154423117637634,0.00042902922723442316
373,0.6187196969985962,0.00014625531912315637
374,0.9407251477241516,0.0005697988672181964
375,0.8905192613601685,0.04447364807128906
376,0.904664158821106,0.00020003080135211349
377,0.6284182667732239,0.37492093443870544
378,0.690439760684967,0.0001484724780311808
379,0.9000681042671204,0.008615583181381226
380,0.3474924862384796,0.00017155027308035642
381,0.38914698362350464,0.0002513377112336457
382,0.46071138978004456,0.9994891881942749
383,0.5066652297973633,0.00014159631973598152
384,0.402523010969162,0.00019352750678081065
385,0.8764452338218689,0.0003292301844339818
386,0.5518589615821838,0.0013463692739605904
387,0.5665635466575623,0.0005958685651421547
388,0.6464404463768005,0.014147071167826653
389,0.14456070959568024,0.1511538177728653
390,0.16348165273666382,0.0006452699890360236
391,0.6983811259269714,0.00013928113912697881
392,0.314179003238678,0.00016615375352557749
393,0.7148736715316772,0.0032652616500854492
394,0.18038120865821838,0.0001926814584294334
395,0.7703772783279419,0.01539037935435772
396,0.6949843168258667,0.0018071512458845973
397,0.8107764720916748,0.0003495780401863158
398,0.5177871584892273,0.008903746493160725
399,0.34609243273735046,0.00027526673511601985
400,0.12585704028606415,0.08103937655687332
401,0.8071035146713257,0.0001842352794483304
402,0.32791557908058167,0.012233354151248932
403,0.06320864707231522,0.0004933791933581233
404,0.4085178077220917,0.006438912823796272
405,0.4066748023033142,0.00013945801765657961
406,0.48458778858184814,0.00668285321444273
407,0.9815956950187683,0.0001818742894101888
408,0.24775414168834686,0.926189124584198
409,0.7500020861625671,0.00018505942716728896
410,0.3330940902233124,0.9962344765663147
411,0.7271836400032043,0.8159887790679932
412,0.1519179344177246,0.007766118273139
413,0.44357067346572876,0.998968243598938
414,0.07174750417470932,0.005849815439432859
415,0.4137599766254425,0.0204162560403347
416,0.9063025712966919,0.000647291773930192
417,0.24952839314937592,0.02269262634217739
418,0.23455162346363068,0.00022626042482443154
419,0.2942182123661041,0.9761078953742981
420,0.37156975269317627,0.05040381848812103
421,0.6149556040763855,0.05474657565355301
422,0.9664748311042786,0.0020449296571314335
423,0.31183940172195435,0.10868114233016968
424,0.41463857889175415,0.0018769954331219196
425,0.8664171695709229,0.0016042793868109584
426,0.4463481307029724,0.000249482603976503
427,0.2798847556114197,0.0003681735834106803
428,0.886916995048523,0.00015055001131258905
429,0.4040203094482422,0.0006536092841997743
430,0.7606711983680725,0.00025764552992768586
431,0.8210251927375793,0.00022632167383562773
432,0.35655152797698975,0.049556419253349304
433,0.8639371991157532,0.0001880012860056013
434,0.4716554582118988,0.0786556750535965
435,0.25781524181365967,0.00018534444097895175
436,0.93911212682724,0.01432357169687748
437,0.38883981108665466,0.0029988859314471483
438,0.8843042254447937,0.05051051080226898
439,0.9627559185028076,0.0015363771235570312
440,0.6399549841880798,0.9756624102592468
441,0.18093928694725037,0.0023333944845944643
442,0.2271210104227066,0.002329758834093809
443,0.7240399122238159,0.17264458537101746
444,0.6594370603561401,0.06856803596019745
445,0.46332114934921265,0.00025645343703217804
446,0.8471266627311707,0.11850980669260025
447,0.6974737644195557,0.009305215440690517
448,0.8614239692687988,0.12891674041748047
449,0.8363101482391357,0.003903645556420088
450,0.8931341767311096,0.011029199697077274
451,0.6396241188049316,0.00014654052210971713
452,0.9242682456970215,0.00023272585531231016
453,0.11197160184383392,0.0007327894563786685
454,0.8776906132698059,0.0038882403168827295
455,0.8349434733390808,0.027415046468377113
456,0.8223483562469482,0.00048470328329131007
457,0.8669095039367676,0.9374706149101257
458,0.20151273906230927,0.0007648066384717822
459,0.5331889986991882,0.024539263918995857
460,0.07262584567070007,0.0003181511419825256
461,0.38691556453704834,0.0001515289186500013
462,0.4796832203865051,0.0003097703156527132
463,0.8881739974021912,0.2151855230331421
464,0.5596482753753662,0.14466671645641327
465,0.7248681783676147,0.9727837443351746
466,0.1705908328294754,0.003484339453279972
467,0.5566369295120239,0.03760958090424538
468,0.7768970727920532,0.00013734545791521668
469,0.18779876828193665,0.000509000732563436
470,0.1876392960548401,0.00014498703239951283
471,0.8376789093017578,0.0001545741397421807
472,0.8208931088447571,0.00019943149527534842
473,0.980633556842804,0.00020285442587919533
474,0.38604921102523804,0.00015789778262842447
475,0.4759419560432434,0.0045037465170025826
476,0.45313605666160583,0.00026611858629621565
477,0.987055778503418,0.0001956868072738871
478,0.400539368391037,0.0003756436926778406
479,0.7040146589279175,0.040341753512620926
480,0.4100973606109619,0.0005253179115243256
481,0.0011685581412166357,0.00017282908083871007
482,0.4781883656978607,0.9879103899002075
483,0.6682226657867432,0.029973655939102173
484,0.4277040958404541,0.00014512021152768284
485,0.3915940523147583,0.00013895520532969385
486,0.5235937833786011,0.00018431736680213362
487,0.8555727005004883,0.0003117687301710248
488,0.7488970160484314,0.9444400072097778
489,0.47372764348983765,0.026097308844327927
490,0.1304277777671814,0.17333345115184784
491,0.2685181796550751,0.00013831262185703963
492,0.18618620932102203,0.05879245698451996
493,0.7412246465682983,0.0022337893024086952
494,0.5543252825737,0.0006339275278151035
495,0.6178330779075623,0.02466486394405365
496,0.9612394571304321,0.00577404024079442
497,0.5893378853797913,0.4564934968948364
498,0.1235392764210701,0.8910841345787048
499,0.2302258014678955,0.00016134502948261797
500,0.9545440077781677,0.15158674120903015
501,0.3887111246585846,0.00024816999211907387
502,0.1938021183013916,0.00926806591451168
503,0.2269688844680786,0.10781975835561752
504,0.08452651649713516,0.0015689952997490764
505,0.6822066307067871,0.0007539804792031646
506,0.8861743807792664,0.0032129010651260614
507,0.35243839025497437,0.00043141443165950477
508,0.1913853883743286,0.00016094186867121607
509,0.7130976915359497,0.00023983385472092777
510,0.9772762656211853,0.3846868872642517
511,0.4975896179676056,0.5139696002006531
512,0.8789612054824829,0.00036309260758571327
513,0.7304048538208008,0.39540478587150574
514,0.21309427917003632,0.0010119919897988439
515,0.6178000569343567,0.00014579763228539377
516,0.47118452191352844,0.29666054248809814
517,0.28500887751579285,0.08851078152656555
518,0.09769000113010406,0.0019213738851249218
519,0.5952302813529968,0.0002814323524944484
520,0.8544321656227112,0.007489234209060669
521,0.8865297436714172,0.01021339651197195
522,0.46999385952949524,0.0001734413963276893
523,0.5461646318435669,0.00047791737597435713
524,0.1821608543395996,0.00037047482328489423
525,0.21893136203289032,0.0011291615664958954
526,0.7059270739555359,0.04634617641568184
527,0.3110977113246918,0.0010757546406239271
528,0.9980623126029968,0.00024255637254100293
529,0.9941123127937317,0.0004595530917868018
530,0.5600453615188599,0.08890943229198456
531,0.9955930113792419,0.9984277486801147
532,0.7600942254066467,0.008115053176879883
533,0.5579442381858826,0.1598825454711914
534,0.3438914716243744,0.0001723148743622005
535,0.3261454403400421,0.014402328990399837
536,0.6675557494163513,0.024741198867559433
537,0.8727186918258667,0.17110717296600342
538,0.8815158605575562,0.16121505200862885
539,0.5196667313575745,0.004039769060909748
540,0.9347095489501953,0.2466813027858734
541,0.6853252053260803,0.002727996790781617
542,0.19610750675201416,0.013548732735216618
543,0.08031579852104187,0.011400132440030575
544,0.7990963459014893,0.0005229033995419741
545,0.8323855996131897,0.006129455287009478
546,0.587611198425293,0.03452067822217941
547,0.3371340036392212,0.0006709800800308585
548,0.6775859594345093,0.010184605605900288
549,0.18051429092884064,0.0004062737862113863
550,0.8103374242782593,0.00014387519331648946
551,0.13414651155471802,0.0030208872631192207
552,0.36335232853889465,0.0005889525054953992
553,0.8884146213531494,0.0018555073766037822
554,0.8084166646003723,0.0001376037107547745
555,0.4204084277153015,0.154835045337677
556,0.9968928098678589,0.02530752681195736
557,0.5295708775520325,0.000952979433350265
558,0.8357235789299011,0.9872868657112122
559,0.7544925212860107,0.00016006309306249022
560,0.4996439218521118,0.00031489544198848307
561,0.21339008212089539,0.8831095099449158
562,0.9474913477897644,0.00019516989414114505
563,0.7418251037597656,0.936093807220459
564,0.19127421081066132,0.0018691219156607985
565,0.16456793248653412,0.00013693863002117723
566,0.23140737414360046,0.01646214909851551
567,0.7191950678825378,0.001445809961296618
568,0.6173244118690491,0.004282917361706495
569,0.9539893865585327,0.0009676429908722639
570,0.27660685777664185,0.00021205046505201608
571,0.4146767556667328,0.10754190385341644
572,0.6835765242576599,0.0165119506418705
573,0.4673309624195099,0.3318605422973633
574,0.42955777049064636,0.0018828632310032845
575,0.5025543570518494,0.00022287083265837282
576,0.28590700030326843,0.017512936145067215
577,0.7294929623603821,0.00017671984096523374
578,0.2903318703174591,0.07229916751384735
579,0.448511004447937,0.0007381151081062853
580,0.789696216583252,0.12998680770397186
581,0.07029704004526138,0.00020466958812903613
582,0.993162989616394,0.9950739741325378
583,0.6074885129928589,0.004412944428622723
584,0.08119405061006546,0.00019931021961383522
585,0.6039512157440186,0.0005307929241098464
586,0.037806566804647446,0.0165094044059515
587,0.2683115601539612,0.8890339732170105
588,0.8350985050201416,0.008990338072180748
589,0.20758402347564697,0.50570148229599
590,0.9055406451225281,0.00014618155546486378
591,0.12381342798471451,0.0009713377221487463
592,0.5639426708221436,0.002204485470429063
593,0.3228346109390259,0.00023343320935964584
594,0.6902236342430115,0.00023712079564575106
595,0.7720338702201843,0.056593239307403564
596,0.4687604606151581,0.0001380127650918439
597,0.9391531348228455,0.9167351722717285
598,0.8279017806053162,0.000138144037919119
599,0.5743958353996277,0.010634061880409718
600,0.6612240076065063,0.01729625277221203
601,0.8981396555900574,0.0001658005203353241
602,0.9980002045631409,0.016278887167572975
603,0.5246284604072571,0.0022971718572080135
604,0.6655502915382385,0.09662995487451553
605,0.588872492313385,0.00020309923274908215
606,0.18511977791786194,0.00015076766430865973
607,0.5855434536933899,0.0008737496682442725
608,0.5575515031814575,0.1544864922761917
609,0.9115721583366394,0.1914735585451126
610,0.9493167400360107,0.007027878891676664
611,0.03318527713418007,0.00024865480372682214
612,0.17012394964694977,0.00290848920121789
613,0.18178018927574158,0.02363215759396553
614,0.7880924940109253,0.0009841254213824868
615,0.24853169918060303,0.021451236680150032
616,0.5013079047203064,0.013101797550916672
617,0.8626739382743835,0.006806531455367804
618,0.15918441116809845,0.07097510993480682
619,0.8106781244277954,0.00015427905600517988
620,0.35838425159454346,0.005834293086081743
621,0.6604017615318298,0.9441669583320618
622,0.8793809413909912,0.020391162484884262
623,0.5889624953269958,0.00017382617807015777
624,0.41252151131629944,0.00022170790180098265
625,0.5821375250816345,0.007202961016446352
626,0.48756033182144165,0.0023794984444975853
627,0.3384627401828766,0.00017206546908710152
628,0.23516446352005005,0.000849383941385895
629,0.5719730854034424,0.11047857254743576
630,0.825634777545929,0.0004961020313203335
631,0.9572815895080566,0.9961141347885132
632,0.8309803009033203,0.01365009043365717
633,0.2636079490184784,0.00016610510647296906
634,0.7095322608947754,0.21916669607162476
635,0.948459804058075,0.00016873638378456235
636,0.3939492702484131,0.0220005065202713
637,0.9958699345588684,0.00013921328354626894
638,0.42461463809013367,0.0006277175270952284
639,0.31098344922065735,0.11019805818796158
640,0.3397834300994873,0.00015836839156690985
641,0.8422091603279114,0.002675786381587386
642,0.6718410849571228,0.0010944991372525692
643,0.42979562282562256,0.00014333403669297695
644,0.826285719871521,0.0015746774151921272
645,0.641761064529419,0.009122652933001518
646,0.18505419790744781,0.04632944241166115
647,0.1682683825492859,0.00016594523913227022
648,0.498705118894577,0.00395674305036664
649,0.30906620621681213,0.00016902689822018147
650,0.6612820625305176,0.00017466004646848887
651,0.8949031233787537,0.00021149657550267875
652,0.5029834508895874,0.005696454085409641
653,0.9711342453956604,0.0001445831876480952
654,0.8966782689094543,0.007699426729232073
655,0.752602219581604,0.0010513734305277467
656,0.7695729732513428,0.00013978687638882548
657,0.4332931637763977,0.0004197198722977191
658,0.38447874784469604,0.0002502888673916459
659,0.6002947688102722,0.01210001390427351
660,0.985071063041687,0.0038052171003073454
661,0.4332836866378784,0.0003475476987659931
662,0.16670183837413788,0.015416021458804607
663,0.8297680616378784,0.0011278187157586217
664,0.5933871269226074,0.0016941248904913664
665,0.6767756938934326,0.00046701316023245454
666,0.7762373089790344,0.00662575988098979
667,0.9888550639152527,0.9836868643760681
668,0.9852574467658997,0.1713411957025528
669,0.11882108449935913,0.06625821441411972
670,0.594242513179779,0.0030509468633681536
671,0.49052199721336365,0.0009378286777064204
672,0.6574729084968567,0.002464279532432556
673,0.7390446066856384,0.00018230712157674134
674,0.11212669312953949,0.0002118948323186487
675,0.01688823662698269,0.0005462279659695923
676,0.16215449571609497,0.001123477122746408
677,0.31526049971580505,0.0010484772501513362
678,0.9416940808296204,0.041817210614681244
679,0.19592492282390594,0.021751979365944862
680,0.9367749691009521,0.06658872961997986
681,0.8532021641731262,0.00017617859703022987
682,0.312051922082901,0.11266237497329712
683,0.5681286454200745,0.06774372607469559
684,0.6652377247810364,0.0005789328715763986
685,0.8692724108695984,0.00014172682131174952
686,0.5409801602363586,0.0024537548888474703
687,0.6215794086456299,0.7518317103385925
688,0.9571271538734436,0.004873808939009905
689,0.8292776942253113,0.45822063088417053
690,0.5711323618888855,0.00014223085599951446
691,0.387214720249176,0.0005191685049794614
692,0.5202898979187012,0.0006317676161415875
693,0.44811996817588806,0.004591326229274273
694,0.7548457980155945,0.00023434888862539083
695,0.8191206455230713,0.01399601623415947
696,0.5890681743621826,0.00014283659402281046
697,0.49080637097358704,0.00013879500329494476
698,0.7919106483459473,0.028971850872039795
699,0.3552616536617279,0.17305594682693481
700,0.9310557246208191,0.0006197065813466907
701,0.17586231231689453,0.0011697369627654552
702,0.8714388608932495,0.00015329963935073465
703,0.4635356366634369,0.0028784985188394785
704,0.09350632131099701,0.005070903338491917
705,0.9520993828773499,0.000336168595822528
706,0.5556678175926208,0.10177507251501083
707,0.8298094272613525,0.00019188193255104125
708,0.13469810783863068,0.012372608296573162
709,0.44176146388053894,0.0009434510138817132
710,0.901493489742279,0.2596452832221985
711,0.7032381296157837,0.00014503665443044156
712,0.23872575163841248,0.004477242007851601
713,0.46886348724365234,0.027894457802176476
714,0.4843039810657501,0.00122361711692065
715,0.9944958090782166,0.0002544528979342431
716,0.8943793177604675,0.0014345383970066905
717,0.3530806303024292,0.029403580352663994
718,0.9059127569198608,0.00014886572898831218
719,0.3184732496738434,0.05552397295832634
720,0.2749941647052765,0.015381971374154091
721,0.9197332262992859,0.8746498823165894
722,0.9135549664497375,0.00045655862777493894
723,0.843289315700531,0.00019412369874771684
724,0.3933149576187134,0.014471173286437988
725,0.7132080793380737,0.9871329069137573
726,0.7217474579811096,0.003622781252488494
727,0.6923326253890991,0.0001876681635621935
728,0.9426829814910889,0.00025648524751886725
729,0.17752663791179657,0.0001379062159685418
730,0.982358992099762,0.00014640684821642935
731,0.8221157193183899,0.001073670806363225
732,0.19341063499450684,0.0034546193201094866
733,0.46198201179504395,0.055328041315078735
734,0.19478248059749603,0.00013856618897989392
735,0.2526186406612396,0.029502099379897118
736,0.06636565178632736,0.0012936049606651068
737,0.5913625359535217,0.00036907923640683293
738,0.540111243724823,0.006120364181697369
739,0.4190293550491333,0.00921679474413395
740,0.09193634241819382,0.0009435777319595218
741,0.41594263911247253,0.00014313956489786506
742,0.9214571714401245,0.6834667325019836
743,0.4290942847728729,0.00016663767746649683
744,0.7612631916999817,0.0003111831611022353
745,0.24037882685661316,0.020100854337215424
746,0.9247101545333862,0.9959883093833923
747,0.8566783666610718,0.00908419955521822
748,0.5541965365409851,0.0002975397219415754
749,0.5258604288101196,0.00015118415467441082
750,0.23778504133224487,0.02787955105304718
751,0.0619741752743721,0.008993074297904968
752,0.8407585024833679,0.02297838404774666
753,0.8179490566253662,0.006416570395231247
754,0.10918967425823212,0.00015372880443464965
755,0.6953018307685852,0.014022137969732285
756,0.9646283984184265,0.0031685607973486185
757,0.8565229773521423,0.031924568116664886
758,0.871329128742218,0.07125191390514374
759,0.7827889919281006,0.42243683338165283
760,0.25700926780700684,0.0005836549098603427
761,0.9072825312614441,0.00036995389382354915
762,0.9014208316802979,0.00014392324374057353
763,0.004131142050027847,0.00014246565115172416
764,0.9061365723609924,0.00026443341630510986
765,0.09441868215799332,0.0003457783896010369
766,0.722404420375824,0.0002486894081812352
767,0.7629546523094177,0.01151964720338583
768,0.4355076551437378,0.08037282526493073
769,0.05373203009366989,0.0001644419098738581
770,0.5160915851593018,0.0006597717292606831
771,0.7377366423606873,0.0011703682830557227
772,0.3704875409603119,0.000250544078880921
773,0.9189115762710571,0.0020909050945192575
774,0.5032771229743958,0.003664422081783414
775,0.3226594924926758,0.029863350093364716
776,0.6458783149719238,0.00276119913905859
777,0.7784338593482971,0.036931492388248444
778,0.3199053406715393,0.0008390240254811943
779,0.7247450351715088,0.005021421238780022
780,0.7095494270324707,0.012557866983115673
781,0.49832412600517273,0.00018524551705922931
782,0.046124741435050964,0.0003489658411126584
783,0.3650812804698944,0.00017525693692732602
784,0.5678325295448303,0.014463149942457676
785,0.6315910816192627,0.0013748396886512637
786,0.4432908594608307,0.00014665961498394608
787,0.8671994209289551,0.2384856939315796
788,0.3854122757911682,0.001772222574800253
789,0.20279468595981598,0.0015726792626082897
790,0.938205897808075,0.005182666704058647
791,0.23964981734752655,0.055063843727111816
792,0.6541398167610168,0.0396638922393322
793,0.4171624481678009,0.00035044888500124216
794,0.9836486577987671,0.0005738871986977756
795,0.18500690162181854,0.010433047078549862
796,0.9989799857139587,0.9964510202407837
797,0.9072057604789734,0.00015654214075766504
798,0.9896721839904785,0.0044785053469240665
799,0.6584653258323669,0.003511295886710286
800,0.0335979238152504,0.005077756941318512
801,0.6375972628593445,0.00017368617409374565
802,0.38753390312194824,0.0001365759817417711
803,0.4200764298439026,0.00013768888311460614
804,0.28218090534210205,0.019966937601566315
805,0.4525168836116791,0.004263801965862513
806,0.44685274362564087,0.3439466655254364
807,0.2930465042591095,0.001684171031229198
808,0.2513035237789154,0.0002615670673549175
809,0.8044529557228088,0.0013676233356818557
810,0.7815920114517212,0.00013378971198108047
811,0.9280661344528198,0.013493736274540424
812,0.47688525915145874,0.0003177552716806531
813,0.8468829989433289,0.00019547533884178847
814,0.3877580463886261,0.0003995995793957263
815,0.6658254265785217,0.000469541409984231
816,0.41035306453704834,0.00454961322247982
817,0.43247491121292114,0.00014160484715830535
818,0.14473658800125122,0.04744577780365944
819,0.1551690250635147,0.029101140797138214
820,0.5753677487373352,0.0002095363597618416
821,0.9210919141769409,0.039818182587623596
822,0.2836180627346039,0.00040889179217629135
823,0.5542213320732117,0.008757056668400764
824,0.7358013987541199,0.00015016307588666677
825,0.22958259284496307,0.00024508844944648445
826,0.8807359337806702,0.005460632964968681
827,0.9097530245780945,0.00015030030044727027
828,0.14207834005355835,0.0013626660220324993
829,0.7493858933448792,0.03011149913072586
830,0.8877996802330017,0.07771001011133194
831,0.4561403691768646,0.00015215874009300023
832,0.2040056735277176,0.018745742738246918
833,0.49678221344947815,0.00016452129057142884
834,0.9446136951446533,0.6658458113670349
835,0.5897641777992249,0.7920763492584229
836,0.7484077215194702,0.000671766116283834
837,0.054750707000494,0.006947158835828304
838,0.8441742658615112,0.00018236572213936597
839,0.619905412197113,0.006498404778540134
840,0.4765706956386566,0.000495713553391397
841,0.8805945515632629,0.3860146105289459
842,0.5577085614204407,0.00015319221711251885
843,0.3302650451660156,0.03758106380701065
844,0.5555281043052673,0.0001440586056560278
845,0.8983376026153564,0.041344933211803436
846,0.2695951759815216,0.012908995151519775
847,0.8257273435592651,0.0002351472357986495
848,0.5107382535934448,0.009220532141625881
849,0.5902316570281982,0.0005490948096849024
850,0.5934448838233948,0.025296589359641075
851,0.8546373844146729,0.00015968989464454353
852,0.8194780945777893,0.00016477859753649682
853,0.679953396320343,0.000344090280123055
854,0.18585336208343506,0.020654762163758278
855,0.9946921467781067,0.12474817037582397
856,0.4127192795276642,0.21817216277122498
857,0.9134947657585144,0.0046023218892514706
858,0.35211652517318726,0.00028188296710141003
859,0.20459237694740295,0.0004736713890451938
860,0.29273298382759094,0.00022445381910074502
861,0.457875519990921,0.00015690542932134122
862,0.4000393748283386,0.006803915370255709
863,0.8862419724464417,0.00014387273404281586
864,0.5714453458786011,0.0006631825817748904
865,0.2697678804397583,0.17079563438892365
866,0.8168655633926392,0.0002091421338263899
867,0.8077482581138611,0.00018101133173331618
868,0.7025095820426941,0.0004452760622370988
869,0.5788459181785583,0.00044718472054228187
870,0.19400480389595032,0.0005232599214650691
871,0.5423124432563782,0.00014422697131522
872,0.7271881103515625,0.016825007274746895
873,0.8193650841712952,0.000150591236888431
874,0.6128122806549072,0.9560028910636902
875,0.299319326877594,0.0004769671068061143
876,0.831569254398346,0.4991743862628937
877,0.1829530894756317,0.002107808133587241
878,0.9067954421043396,0.0004030184936709702
879,0.13774727284908295,0.015936587005853653
880,0.10799665004014969,0.014586620032787323
881,0.9399994015693665,0.9814645648002625
882,0.7427880167961121,0.24897466599941254
883,0.8177943229675293,0.0002790602738969028
884,0.25935184955596924,0.0036383173428475857
885,0.8479819297790527,0.04529470577836037
886,0.3085673153400421,0.007223545573651791
887,0.8261304497718811,0.00014190207002684474
888,0.3628503978252411,0.00034148668055422604
889,0.14429646730422974,0.05366562306880951
890,0.6712372899055481,0.012890093959867954
891,0.869190514087677,0.002434790600091219
892,0.5363979935646057,0.000141790063935332
893,0.7013882398605347,0.14603662490844727
894,0.5513927340507507,0.16279251873493195
895,0.5870397090911865,0.0001360897731501609
896,0.6221509575843811,0.0135559793561697
897,0.5677449703216553,0.0006139057804830372
898,0.7754513621330261,0.01302349753677845
899,0.3738841712474823,0.029493657872080803
900,0.6417930126190186,0.015478694811463356
901,0.24718725681304932,0.00039294196176342666
902,0.32172396779060364,0.06406281888484955
903,0.8378475308418274,0.0003486716886982322
904,0.8238034248352051,0.011899670585989952
905,0.0017792126163840294,0.0006484693149104714
906,0.3912123143672943,0.01606711745262146
907,0.6743390560150146,0.00014110059419181198
908,0.2745398283004761,0.025112329050898552
909,0.39657193422317505,0.00021110152010805905
910,0.9136360883712769,0.00027170736575499177
911,0.7108729481697083,0.0014370160643011332
912,0.8934177160263062,0.0029950703028589487
913,0.4734189510345459,0.09318642318248749
914,0.9679016470909119,0.001977599924430251
915,0.3754037618637085,0.00043683272087946534
916,0.17220592498779297,0.0002327391557628289
917,0.6769074201583862,0.0003520606260281056
918,0.2619786262512207,0.16731107234954834
919,0.5923863649368286,0.006760257296264172
920,0.5094949007034302,0.05808904767036438
921,0.710473358631134,0.0017885067500174046
922,0.3902820646762848,0.00015278797945939004
923,0.29842546582221985,0.003996588289737701
924,0.4499349892139435,0.00013957802730146796
925,0.9898869395256042,0.13688388466835022
926,0.14117510616779327,0.26664650440216064
927,0.2747153341770172,0.00013956618204247206
928,0.23436196148395538,0.0001321097370237112
929,0.4340995252132416,0.055582739412784576
930,0.17661331593990326,0.00369796110317111
931,0.8255248069763184,0.03693672642111778
932,0.007043739315122366,0.6387155652046204
933,0.3870987594127655,0.00038676252006553113
934,0.793346643447876,0.0006755990325473249
935,0.26076167821884155,0.0027714462485164404
936,0.679277241230011,0.00015857783728279173
937,0.8707787394523621,0.00014087824092712253
938,0.4066554009914398,0.00015394737420137972
939,0.8135664463043213,0.02690214104950428
940,0.6937955617904663,0.07657282799482346
941,0.8146610260009766,0.0002766567631624639
942,0.9259933233261108,0.03467947244644165
943,0.33166491985321045,0.002398621989414096
944,0.18781471252441406,0.013416269794106483
945,0.8056385517120361,0.009577193297445774
946,0.9413622617721558,0.018688397482037544
947,0.570693850517273,0.00039930365164764225
948,0.6262468695640564,0.00013576574565377086
949,0.3076208531856537,0.9907552599906921
950,0.9458436369895935,0.018802832812070847
951,0.5972113013267517,0.00019912328571081161
952,0.28892645239830017,0.05537746101617813
953,0.17990417778491974,0.024234745651483536
954,0.16625285148620605,0.0005486601148732007
955,0.5409380793571472,0.00013949126878287643
956,0.9772292375564575,0.025092877447605133
957,0.5538832545280457,0.0019726527389138937
958,0.41590726375579834,0.00022714099031873047
959,0.9568982124328613,0.0007690792554058135
960,0.4656365215778351,0.04778382182121277
961,0.1199735477566719,0.08516900986433029
962,0.8396025896072388,0.00022782551241107285
963,0.11858940869569778,0.6927438974380493
964,0.24478532373905182,0.0001370835379930213
965,0.05100642144680023,0.00035365173243917525
966,0.5744609832763672,0.010076434351503849
967,0.8379490971565247,0.00019244736176915467
968,0.7546490430831909,0.01591070555150509
969,0.43905872106552124,0.00015033915406093001
970,0.9866917133331299,0.016093777492642403
971,0.1733144074678421,0.006576112471520901
972,0.6485040187835693,0.0006276009371504188
973,0.33350127935409546,0.00048581339069642127
974,0.5082345604896545,0.0001549785229144618
975,0.935039222240448,0.0004326384514570236
976,0.9270923733711243,0.0029231116641312838
977,0.2819496691226959,0.01805807277560234
978,0.34045907855033875,0.11490616202354431
979,0.39375948905944824,0.003946700133383274
980,0.5915583372116089,0.00015028883353807032
981,0.1347111612558365,0.0005579874850809574
982,0.3385055363178253,0.00016219558892771602
983,0.364221453666687,0.0017517919186502695
984,0.11749155819416046,0.07026165723800659
985,0.81317138671875,0.0008449284359812737
986,0.6557456851005554,0.00015085507766343653
987,0.6821081638336182,0.008606444112956524
988,0.3104242980480194,0.00015459580754395574
989,0.09140985459089279,0.00014328485121950507
990,0.3465532660484314,0.0007488573901355267
991,0.9899193048477173,0.11796608567237854
992,0.9058386087417603,0.16420549154281616
993,0.9524107575416565,0.00013582815881818533
994,0.9154433012008667,0.06880504637956619
995,0.6485309600830078,0.002085863845422864
996,0.7805092334747314,0.0044719018042087555
997,0.17525023221969604,0.03188168257474899
998,0.3269389569759369,0.018210234120488167
999,0.6079621315002441,0.00029424592503346503
1000,0.42465826869010925,0.00014293006097432226
1001,0.3988475203514099,0.01955852098762989
1002,0.07760698348283768,0.00021469684725161642
1003,0.7708150744438171,0.00016273795336019248
1004,0.34150055050849915,0.0005273159476928413
1005,0.8615890145301819,0.0009621455683372915
1006,0.5969686508178711,0.0016921550268307328
1007,0.955090343952179,0.0005132461083121598
1008,0.22149580717086792,0.0002404848055448383
1009,0.2188120186328888,0.0003482126339804381
1010,0.7107048630714417,0.18935510516166687
1011,0.3220682442188263,0.0004316293925512582
1012,0.4290824234485626,0.0004621237749233842
1013,0.40608417987823486,0.002219165675342083
1014,0.9888306260108948,0.9752682447433472
1015,0.7212692499160767,0.05143413692712784
1016,0.2993609309196472,0.009616324678063393
1017,0.5580206513404846,0.0001475818280596286
1018,0.660683274269104,0.013301145285367966
1019,0.27910736203193665,0.004263836890459061
1020,0.8743663430213928,0.003855934599414468
1021,0.4453548491001129,0.0003221574879717082
1022,0.45721155405044556,0.005516013130545616
1023,0.1283147931098938,0.0003357419918756932
1024,0.2573956847190857,0.6836514472961426
1025,0.7501816153526306,0.49347779154777527
1026,0.4257371127605438,0.020633617416024208
1027,0.5650408864021301,0.0004593954363372177
1028,0.13229475915431976,0.00016904977383092046
1029,0.27313196659088135,0.052943259477615356
1030,0.29291680455207825,0.012382780201733112
1031,0.4310816824436188,0.0013532289303839207
1032,0.4057461619377136,0.0019588801078498363
1033,0.1000860407948494,0.011431010439991951
1034,0.1377926915884018,0.0068784719333052635
1035,0.2676098644733429,0.0001394963328493759
1036,0.491796612739563,0.007086120080202818
1037,0.7629337906837463,0.00019683018035721034
1038,0.5356706380844116,0.04084961116313934
1039,0.06281611323356628,0.0004155958886258304
1040,0.7907270193099976,0.046999067068099976
1041,0.9701220989227295,0.00014551443746313453
1042,0.36765846610069275,0.003335034241899848
1043,0.9602463245391846,0.00037057072040624917
1044,0.4144652783870697,0.03468780964612961
1045,0.5140411257743835,0.011412698775529861
1046,0.7217838168144226,0.0008601007284596562
1047,0.518358588218689,0.00014215816918294877
1048,0.2710808515548706,0.008759938180446625
1049,0.6285451650619507,0.00451921671628952
1050,0.2729172110557556,0.00033843223354779184
1051,0.2482185661792755,0.01761358231306076
1052,0.3802359104156494,0.006570539437234402
1053,0.21938438713550568,0.013448216952383518
1054,0.5367429256439209,0.00021886761533096433
1055,0.9079046845436096,0.5029439926147461
1056,0.7391212582588196,0.09365390986204147
1057,0.38369011878967285,0.006740089971572161
1058,0.5699134469032288,0.024223564192652702
1059,0.07981883734464645,0.33430683612823486
1060,0.5316662192344666,0.00018340676615480334
1061,0.641511857509613,0.04188759997487068
1062,0.7394620776176453,0.00458357622846961
1063,0.9078348278999329,0.10498625040054321
1064,0.9341347813606262,0.02516629546880722
1065,0.15544338524341583,0.04618632048368454
1066,0.9586746096611023,0.023949235677719116
1067,0.71236652135849,0.0009153559221886098
1068,0.9887851476669312,0.022772807627916336
1069,0.9192664623260498,0.1000877246260643
1070,0.8269320726394653,0.0009836090030148625
1071,0.7075071930885315,0.0009098032023757696
1072,0.27245044708251953,0.00014627080236095935
1073,0.6306688785552979,0.008915258571505547
1074,0.2942535877227783,0.9523705244064331
1075,0.5177129507064819,0.24028290808200836
1076,0.9331555366516113,0.001177625497803092
1077,0.2839451730251312,0.09906178712844849
1078,0.3095105290412903,0.00013486383249983191
1079,0.20855854451656342,0.019445087760686874
1080,0.8671092391014099,0.0029802117496728897
1081,0.8617071509361267,0.0002019947423832491
1082,0.9618703722953796,0.014201521873474121
1083,0.8812862038612366,0.00015531892131548375
1084,0.7753083109855652,0.04201183468103409
1085,0.6570674180984497,0.0010930204298347235
1086,0.2816127836704254,0.00016467853856738657
1087,0.9974356293678284,0.00015070430526975542
1088,0.36291441321372986,0.0005123999435454607
1089,0.8146210312843323,0.3322574198246002
1090,0.20886389911174774,0.19483423233032227
1091,0.6122076511383057,0.015530895441770554
1092,0.21731162071228027,0.00020533612405415624
1093,0.669883668422699,0.002077597426250577
1094,0.9086997509002686,0.011659870855510235
1095,0.13554273545742035,0.0005648334627039731
1096,0.8893799185752869,0.0014232409885153174
1097,0.5556487441062927,0.019763706251978874
1098,0.905555009841919,0.00013821135507896543
1099,0.1506204754114151,0.03635428845882416
1100,0.792414128780365,0.0937931165099144
1101,0.928703248500824,0.002609479473903775
1102,0.1528904139995575,0.04417748004198074
1103,0.44534415006637573,0.005645188502967358
1104,0.8813235759735107,0.00016997981583699584
1105,0.7709391117095947,0.012259431183338165
1106,0.15123489499092102,0.1866927444934845
1107,0.7965681552886963,0.0008755961316637695
1108,0.28544265031814575,0.00038097886135801673
1109,0.3631807565689087,0.03194599598646164
1110,0.5612147450447083,0.0013147458666935563
1111,0.12811648845672607,0.016229426488280296
1112,0.8373854756355286,0.00027409300673753023
1113,0.35635194182395935,0.00014020870730746537
1114,0.6691398024559021,0.00014040779205970466
1115,0.15797275304794312,0.12663723528385162
1116,0.22118861973285675,0.0005885405698791146
1117,0.238078311085701,0.0013049253029748797
1118,0.752595841884613,0.1965489536523819
1119,0.9258628487586975,0.0005600761505775154
1120,0.6942886710166931,0.017984086647629738
1121,0.5251932740211487,0.00026936971698887646
1122,0.8998769521713257,0.12723395228385925
1123,0.9557269215583801,0.00811829324811697
1124,0.8046873211860657,0.04283466562628746
1125,0.5861977934837341,0.00015617432654835284
1126,0.8139039278030396,0.0016929483972489834
1127,0.8158957958221436,0.003845508676022291
1128,0.7698110342025757,0.0003295262868050486
1129,0.8033044338226318,0.9870267510414124
1130,0.737480103969574,0.00014090632612351328
1131,0.9182586073875427,0.0019868803210556507
1132,0.968227744102478,0.006735230330377817
1133,0.41797250509262085,0.0006068342481739819
1134,0.7761006355285645,0.006120259407907724
1135,0.7979875802993774,0.00013483079965226352
1136,0.3855297565460205,0.005913097411394119
1137,0.8206670880317688,0.0003348341560922563
1138,0.30115336179733276,0.00014219028525985777
1139,0.5744105577468872,0.0003867619961965829
1140,0.8122686743736267,0.004211653955280781
1141,0.9045475721359253,0.42709729075431824
1142,0.212844118475914,0.000415378890465945
1143,0.9178886413574219,0.00023938468075357378
1144,0.9877098798751831,0.00013904280785936862
1145,0.6550549864768982,0.0011191776720806956
1146,0.16317540407180786,0.9197261333465576
1147,0.6278247237205505,0.06057365983724594
1148,0.43114814162254333,0.00016244167636614293
1149,0.7938985228538513,0.1292901486158371
1150,0.2983807921409607,0.006605829112231731
1151,0.6232447624206543,0.00021982713951729238
1152,0.8615906834602356,0.017760727554559708
1153,0.6252416968345642,0.00022621791868004948
1154,0.7446823120117188,0.1709652990102768
1155,0.2505332827568054,0.001510134432464838
1156,0.330775648355484,0.00019498763140290976
1157,0.9510765075683594,0.0008535696542821825
1158,0.3966364562511444,0.0002499916881788522
1159,0.6529905796051025,0.0021421927958726883
1160,0.1721998155117035,0.17895299196243286
1161,0.6361443400382996,0.10462485998868942
1162,0.4165268540382385,0.00013680433039553463
1163,0.6105570197105408,0.022092055529356003
1164,0.6094902157783508,0.0008853073813952506
1165,0.08714207261800766,0.00033446724410168827
1166,0.8846397399902344,0.0003997629682999104
1167,0.5918647646903992,0.01708437129855156
1168,0.45352786779403687,0.003820957150310278
1169,0.4529653787612915,0.03940626233816147
1170,0.537927508354187,0.004117323085665703
1171,0.060903746634721756,0.015294630080461502
1172,0.9857036471366882,0.00025455455761402845
1173,0.8923056125640869,0.00014408593415282667
1174,0.10070321708917618,0.0007537728524766862
1175,0.7939289212226868,0.007581064477562904
1176,0.6772609353065491,0.0035799758043140173
1177,0.9702723622322083,0.0002603742468636483
1178,0.8182618021965027,0.00013606641732621938
1179,0.39420589804649353,0.00015336350770667195
1180,0.7182900905609131,0.9764232039451599
1181,0.908735990524292,0.0022128901910036802
1182,0.7269812822341919,0.15837709605693817
1183,0.8759274482727051,0.0020665426272898912
1184,0.7465117573738098,0.00021849354379810393
1185,0.3378802239894867,0.0020627432968467474
1186,0.008447766304016113,0.020190607756376266
1187,0.6779593229293823,0.8953728675842285
1188,0.6674109101295471,0.15796712040901184
1189,0.3419773280620575,0.00024714047322049737
1190,0.6096792817115784,0.00016332448285538703
1191,0.3457331955432892,0.016182703897356987
1192,0.4039258658885956,0.0002410874585621059
1193,0.6278091073036194,0.012719521299004555
1194,0.7043609023094177,0.0002784619864542037
1195,0.42203518748283386,0.0019433586858212948
1196,0.42066892981529236,0.00021171409753151238
1197,0.5599479079246521,0.00027730109286494553
1198,0.962546169757843,0.0029136601369827986
